,Province,total_response,total_response_for_BHU,BHU_0to0.5,BHU_0.5to1,BHU_1to2,BHU_2to5,BHU5plus,total_response_for_FMU,FMU_0to0.5,FMU_0.5to1,FMU_1to2,FMU_2to5,FMU5plus,total_response_for_HC,HC_0to0.5,HC_0.5to1,HC_1to2,HC_2to5,HC5plus,percent_BHU_0to0.5,percent_BHU_0.5to1,percent_BHU_1to2,percent_BHU_2to5,percent_BHU_5plus,percent_FMU_0to0.5,percent_FMU_0.5to1,percent_FMU_1to2,percent_FMU_2to5,percent_FMU_5plus,percent_HC_0to0.5,percent_HC_0.5to1,percent_HC_1to2,percent_HC_2to5,percent_HC_5plus
1,Khyber Pakhtunkhwa,36383,10940,2176,2143,2572,2058,1991,2054,713,457,334,260,290,23389,1761,1515,2556,4580,12977,19.89031079,19.58866545,23.51005484,18.81170018,18.19926874,34.7127556,22.24926972,16.26095424,12.65822785,14.1187926,7.529180384,6.477403908,10.92821412,19.58185472,55.48334687
2,Punjab,76063,22642,4672,2879,4775,6514,3802,4696,989,754,906,996,1051,48725,9296,4731,6533,8553,19612,20.63421959,12.71530783,21.0891264,28.76954333,16.79180284,21.060477,16.05621806,19.29301533,21.20954003,22.38074957,19.0785018,9.709594664,13.40790149,17.55361724,40.25038481
3,Sindh,23710,7873,1197,1173,1438,2220,1845,711,59,104,146,234,168,15126,1296,1426,2729,3755,5920,15.2038613,14.89902197,18.26495618,28.1976375,23.43452305,8.298171589,14.62728551,20.53445851,32.91139241,23.62869198,8.56802856,9.427475869,18.04178236,24.82480497,39.13790824
4,Balochistan,18694,6025,1163,767,946,931,2218,1732,142,124,372,201,893,10937,496,774,1312,1571,6784,19.30290456,12.73029046,15.70124481,15.45228216,36.81327801,8.198614319,7.159353349,21.47806005,11.60508083,51.55889145,4.53506446,7.076894944,11.99597696,14.36408522,62.02797842
,,154850,47480,9208,6962,9731,11723,9856,9193,1903,1439,1758,1691,2402,98177,12849,8446,13130,18459,45293,,,,,,,,,,,,,,,
,,,,19.39342881,14.66301601,20.49494524,24.69039596,20.75821398,,20.70053301,15.6532144,19.12324595,18.39443054,26.12857609,,13.08758671,8.602829583,13.37380446,18.80175601,46.13402324,,,,,,,,,,,,,,,
